{"cameraMode":{"drawMode":0,"name":"Shaded","section":"Shading Mode"},"sceneLighting":true,"audioPlay":false,"sceneViewState":{"showFog":true,"showMaterialUpdate":false,"showSkybox":true,"showFlares":true,"showImageEffects":true,"showParticleSystems":true},"in2DMode":false,"pivot":{"x":-10.069999694824219,"y":2.0799999237060549,"z":8.0600004196167},"rotation":{"x":0.2231183648109436,"y":0.579038679599762,"z":-0.16870151460170747,"w":0.7658154964447022},"size":4.166025161743164,"orthographic":false}