{"cameraMode":{"drawMode":0,"name":"Shaded","section":"Shading Mode"},"sceneLighting":false,"audioPlay":false,"sceneViewState":{"showFog":true,"showMaterialUpdate":false,"showSkybox":false,"showFlares":true,"showImageEffects":true,"showParticleSystems":true},"in2DMode":false,"pivot":{"x":1.1799999475479127,"y":2.680000066757202,"z":19.3700008392334},"rotation":{"x":0.1349060833454132,"y":-0.4597986340522766,"z":0.07090339809656143,"w":0.8748482465744019},"size":1.4984965324401856,"orthographic":true}