{"cameraMode":{"drawMode":0,"name":"Shaded","section":"Shading Mode"},"sceneLighting":true,"audioPlay":false,"sceneViewState":{"showFog":true,"showMaterialUpdate":false,"showSkybox":true,"showFlares":true,"showImageEffects":true,"showParticleSystems":true},"in2DMode":false,"pivot":{"x":1.4901161193847657e-8,"y":3.0,"z":-1.4901161193847657e-8},"rotation":{"x":0.14067798852920533,"y":-0.509181559085846,"z":0.08478586375713349,"w":0.8448433876037598},"size":4.131859302520752,"orthographic":true}