{"cameraMode":{"drawMode":0,"name":"Shaded","section":"Shading Mode"},"sceneLighting":true,"audioPlay":false,"sceneViewState":{"showFog":true,"showMaterialUpdate":false,"showSkybox":true,"showFlares":true,"showImageEffects":true,"showParticleSystems":true},"in2DMode":false,"pivot":{"x":6.965749740600586,"y":2.03125,"z":5.07387638092041},"rotation":{"x":-0.03042902797460556,"y":0.969459056854248,"z":-0.16441890597343446,"w":-0.17941822111606599},"size":1.9179102182388306,"orthographic":true}