{"cameraMode":{"drawMode":0,"name":"Shaded","section":"Shading Mode"},"sceneLighting":true,"audioPlay":false,"sceneViewState":{"showFog":true,"showMaterialUpdate":false,"showSkybox":true,"showFlares":true,"showImageEffects":true,"showParticleSystems":true},"in2DMode":false,"pivot":{"x":10.09000015258789,"y":0.37900006771087649,"z":1.3700000047683716},"rotation":{"x":-0.08358333259820938,"y":0.8977607488632202,"z":-0.1941688358783722,"w":-0.3864653408527374},"size":0.8211914896965027,"orthographic":true}