{"cameraMode":{"drawMode":0,"name":"Shaded","section":"Shading Mode"},"sceneLighting":false,"audioPlay":false,"sceneViewState":{"showFog":true,"showMaterialUpdate":false,"showSkybox":true,"showFlares":true,"showImageEffects":true,"showParticleSystems":true},"in2DMode":false,"pivot":{"x":1.2560203075408936,"y":2.8066506385803224,"z":3.114520788192749},"rotation":{"x":-0.030962040647864343,"y":-0.963901937007904,"z":0.1294562816619873,"w":-0.23070114850997926},"size":4.973273754119873,"orthographic":true}